D80FF8A6-78C1-11E9-B41B-D4AE52C1DBD3,{'subject': 'cat'},4077570
D2C09811-78BD-11E9-A28B-D4AE52C1DBD3,{'subject': 'cat'},4061188
8BA69EA3-78D1-11E9-B129-6C2B597E484C,{'subject': 'main'},855046
FE4D887B-78BD-11E9-B41B-D4AE52C1DBD3,{'subject': 'cat'},4061446
CD344664-78D1-11E9-B129-6C2B597E484C,{'subject': 'main'},858634
CB177E33-78D0-11E9-B41B-D4AE52C1DBD3,{'subject': 'main'},848907
B3FE3566-78B4-11E9-A28B-D4AE52C1DBD3,{'subject': 'cat'},4041482
D6EDA8AA-78D8-11E9-B41B-D4AE52C1DBD3,{'subject': 'main'},912147
1E2E3C6D-77E5-11E9-A28B-D4AE52C1DBD3,{'subject': 'nginx'},738325
7F896AB1-78C7-11E9-B41B-D4AE52C1DBD3,{'subject': 'main'},820247
A9645399-78C7-11E9-B129-6C2B597E484C,{'subject': 'main'},822043
FB2814CB-78BA-11E9-B129-6C2B597E484C,{'subject': 'main'},772386
7D856FDF-78D4-11E9-B129-6C2B597E484C,{'subject': 'main'},4125219
53A80E58-78B1-11E9-B129-6C2B597E484C,{'subject': 'main'},757288
DEEF2E3A-78C1-11E9-B41B-D4AE52C1DBD3,{'subject': 'cat'},4077867
4E4159BF-78CF-11E9-B129-6C2B597E484C,{'subject': 'main'},837936
444EDBB8-77E4-11E9-B41B-D4AE52C1DBD3,{'subject': 'nginx'},746033
569F09B5-78C1-11E9-B41B-D4AE52C1DBD3,{'subject': 'main'},4075828
7FC54CB7-78DA-11E9-B129-6C2B597E484C,{'subject': 'main'},921913
57F3D07B-78CA-11E9-B129-6C2B597E484C,{'subject': 'bash'},4092988
A11713AE-78AF-11E9-B129-6C2B597E484C,{'subject': 'bash'},746560
F722F8FC-78AF-11E9-A28B-D4AE52C1DBD3,{'subject': 'cat'},750400
2AEE92ED-78D5-11E9-B41B-D4AE52C1DBD3,{'subject': 'main'},4130639
40766C76-78CC-11E9-B41B-D4AE52C1DBD3,{'subject': 'cat'},4104531
995AEAE9-78D4-11E9-B129-6C2B597E484C,{'subject': 'main'},4126804
8413A206-78D0-11E9-B129-6C2B597E484C,{'subject': 'main'},843861
62174A6F-78C4-11E9-B41B-D4AE52C1DBD3,{'subject': 'cat'},801366
E50D9FEF-78CC-11E9-B129-6C2B597E484C,{'subject': 'main'},4108377
955662EC-78CF-11E9-B129-6C2B597E484C,{'subject': 'main'},839770
8652A2BB-78C3-11E9-B129-6C2B597E484C,{'subject': 'main'},798042
455FEBE0-78C8-11E9-B129-6C2B597E484C,{'subject': 'main'},825690
39F53F07-78D4-11E9-A28B-D4AE52C1DBD3,{'subject': 'main'},4123487
E61AD2CD-78C8-11E9-B129-6C2B597E484C,{'subject': 'main'},4086368
F18841CF-78B8-11E9-B41B-D4AE52C1DBD3,{'subject': 'cat'},759648
ECF47568-78D0-11E9-A28B-D4AE52C1DBD3,{'subject': 'cat'},852069
43953230-78CC-11E9-B41B-D4AE52C1DBD3,{'subject': 'cat'},4104549
D6548A13-78D2-11E9-A28B-D4AE52C1DBD3,{'subject': 'cat'},4114281
0C96D82D-78D3-11E9-B129-6C2B597E484C,{'subject': 'main'},4116074
A398DF14-78B6-11E9-B41B-D4AE52C1DBD3,{'subject': 'main'},4051309
04C8EE06-78C2-11E9-B129-6C2B597E484C,{'subject': 'main'},4079729
8F140D2C-78B2-11E9-B41B-D4AE52C1DBD3,{'subject': 'cat'},4025201
D8207B63-78D8-11E9-B129-6C2B597E484C,{'subject': 'main'},911478
E8778190-78CD-11E9-B129-6C2B597E484C,{'subject': 'main'},828025
25C9BE8E-78D5-11E9-B129-6C2B597E484C,{'subject': 'main'},4130177
8BF2B9CF-78BE-11E9-B129-6C2B597E484C,{'subject': 'main'},4065667
300A2D44-78D1-11E9-B41B-D4AE52C1DBD3,{'subject': 'cat'},853127
5825B5A5-78CE-11E9-A28B-D4AE52C1DBD3,{'subject': 'cat'},828308
FCE3AFC5-78C0-11E9-A28B-D4AE52C1DBD3,{'subject': 'cat'},4073625
2816E03F-78CF-11E9-B129-6C2B597E484C,{'subject': 'main'},835742
7F1D2AA8-78D9-11E9-B41B-D4AE52C1DBD3,{'subject': 'cat'},912543
58CDD4A9-78CE-11E9-A28B-D4AE52C1DBD3,{'subject': 'cat'},828318
03B19524-78C1-11E9-A28B-D4AE52C1DBD3,{'subject': 'cat'},4073633
A0065DDD-78CC-11E9-B41B-D4AE52C1DBD3,{'subject': 'cat'},4106402
A1E007E5-78CC-11E9-B41B-D4AE52C1DBD3,{'subject': 'cat'},4106403
F25642F3-78D7-11E9-B129-6C2B597E484C,{'subject': 'main'},902308
05621957-78AF-11E9-B129-6C2B597E484C,{'subject': 'main'},740259
74FF2B35-78B3-11E9-B41B-D4AE52C1DBD3,{'subject': 'cat'},4030885
1D3D60BB-78B0-11E9-B129-6C2B597E484C,{'subject': 'main'},752040
5C24A0A5-78D2-11E9-B129-6C2B597E484C,{'subject': 'main'},4112041
04893FBB-78BD-11E9-B129-6C2B597E484C,{'subject': 'main'},789929
D6ECF5A9-78BE-11E9-B41B-D4AE52C1DBD3,{'subject': 'cat'},4066728
D82DE488-78BE-11E9-B41B-D4AE52C1DBD3,{'subject': 'cat'},4066730
3BDC8BDD-78D3-11E9-A28B-D4AE52C1DBD3,{'subject': 'cat'},4117167
99F70B39-78D3-11E9-B129-6C2B597E484C,{'subject': 'main'},4118960
C40F4135-78D9-11E9-B129-6C2B597E484C,{'subject': 'main'},916919
CE2DFB1A-78BA-11E9-B41B-D4AE52C1DBD3,{'subject': 'cat'},769720
D870985E-78BA-11E9-B129-6C2B597E484C,{'subject': 'main'},770749
933716CD-78BD-11E9-B129-6C2B597E484C,{'subject': 'main'},4059327
317310DC-78AE-11E9-B41B-D4AE52C1DBD3,{'subject': 'sshd'},738240
D1A8D277-78B4-11E9-B129-6C2B597E484C,{'subject': 'main'},4043208
E2CCE174-78B5-11E9-B41B-D4AE52C1DBD3,{'subject': 'main'},4046538
24B39D2F-78CD-11E9-B129-6C2B597E484C,{'subject': 'main'},825804
96072DA0-78D1-11E9-A28B-D4AE52C1DBD3,{'subject': 'main'},857037
17D7A080-78CA-11E9-A28B-D4AE52C1DBD3,{'subject': 'main'},4092877
D4490425-78D7-11E9-B41B-D4AE52C1DBD3,{'subject': 'cat'},900556
2075E781-78B9-11E9-B129-6C2B597E484C,{'subject': 'main'},763601
70E3EF54-78CA-11E9-B129-6C2B597E484C,{'subject': 'main'},4094677
E5DD578D-78CE-11E9-A28B-D4AE52C1DBD3,{'subject': 'main'},832732
E315791B-78CA-11E9-B41B-D4AE52C1DBD3,{'subject': 'main'},4098012
87DA8B4C-78D8-11E9-B41B-D4AE52C1DBD3,{'subject': 'main'},908257
0CA9F5AE-78DA-11E9-B129-6C2B597E484C,{'subject': 'main'},920041
D7BCDDC2-78BF-11E9-B129-6C2B597E484C,{'subject': 'main'},4070890
F2B43A46-78D2-11E9-B129-6C2B597E484C,{'subject': 'bash'},4114413
384A5F33-78CD-11E9-B41B-D4AE52C1DBD3,{'subject': 'cat'},4110320
BA6F34DD-78AF-11E9-B129-6C2B597E484C,{'subject': 'main'},748274
E1754BCE-78B8-11E9-B129-6C2B597E484C,{'subject': 'main'},759282
F9830C54-78C6-11E9-B41B-D4AE52C1DBD3,{'subject': 'main'},817913
668260F8-78BC-11E9-B129-6C2B597E484C,{'subject': 'main'},783866
7525B473-78D7-11E9-B129-6C2B597E484C,{'subject': 'main'},900348
87859DC1-78C5-11E9-B129-6C2B597E484C,{'subject': 'main'},803839
D2BA9715-78AF-11E9-A28B-D4AE52C1DBD3,{'subject': 'whoami'},748487
FA573DAA-78AF-11E9-B129-6C2B597E484C,{'subject': 'ls'},750424
5EE347B0-78B0-11E9-B129-6C2B597E484C,{'subject': 'ls'},753416
EBA863F1-78B2-11E9-B129-6C2B597E484C,{'subject': 'bsdtar'},4025519
EBCF40F0-78B2-11E9-B129-6C2B597E484C,{'subject': 'cc'},4025523
D26A35C3-78D7-11E9-B41B-D4AE52C1DBD3,{'subject': 'hostname'},900555
90DFCB0A-78D8-11E9-B129-6C2B597E484C,{'subject': 'hostname'},908270
64FE04B4-78B4-11E9-B129-6C2B597E484C,{'subject': 'hostname'},4041281