F71CCA2E-0000-0000-0000-000000000020,{'subject': '/usr/sbin/sshd'},283758
1E13A41E-0000-0000-0000-000000000020,{'subject': '/usr/bin/python2.7'},281472
5E13E81E-0000-0000-0000-000000000020,{'subject': '/usr/bin/python2.7'},281536
8613FB1E-0000-0000-0000-000000000020,{'subject': '/home/admin/Downloads/firefox/firefox'},281576
8913FB1E-0000-0000-0000-000000000020,{'subject': '/home/admin/Downloads/firefox/firefox'},281579
9513FB1E-0000-0000-0000-000000000020,{'subject': '/home/admin/Downloads/firefox/firefox'},281591
9A13FB1E-0000-0000-0000-000000000020,{'subject': '/home/admin/Downloads/firefox/firefox'},281596
9B13FD1E-0000-0000-0000-000000000020,{'subject': '/home/admin/Downloads/firefox/firefox'},281597
9E13001F-0000-0000-0000-000000000020,{'subject': '/home/admin/Downloads/firefox/firefox'},281600
9F13031F-0000-0000-0000-000000000020,{'subject': '/home/admin/Downloads/firefox/firefox'},281601
CE130C1F-0000-0000-0000-000000000020,{'subject': '/home/admin/Downloads/firefox/firefox'},281648
D1130C1F-0000-0000-0000-000000000020,{'subject': '/home/admin/Downloads/firefox/firefox'},281651
DD130C1F-0000-0000-0000-000000000020,{'subject': '/home/admin/Downloads/firefox/firefox'},281663
E2130C1F-0000-0000-0000-000000000020,{'subject': '/home/admin/Downloads/firefox/firefox'},281668
E3130E1F-0000-0000-0000-000000000020,{'subject': '/home/admin/Downloads/firefox/firefox'},281669
E513111F-0000-0000-0000-000000000020,{'subject': '/home/admin/Downloads/firefox/firefox'},281671
E613141F-0000-0000-0000-000000000020,{'subject': '/home/admin/Downloads/firefox/firefox'},281672
14141B1F-0000-0000-0000-000000000020,{'subject': '/home/admin/Downloads/firefox/firefox'},281718
17141B1F-0000-0000-0000-000000000020,{'subject': '/home/admin/Downloads/firefox/firefox'},281721
23141C1F-0000-0000-0000-000000000020,{'subject': '/home/admin/Downloads/firefox/firefox'},281733
28141C1F-0000-0000-0000-000000000020,{'subject': '/home/admin/Downloads/firefox/firefox'},281738
29141E1F-0000-0000-0000-000000000020,{'subject': '/home/admin/Downloads/firefox/firefox'},281739
2A14211F-0000-0000-0000-000000000020,{'subject': '/home/admin/Downloads/firefox/firefox'},281740
2C142A1F-0000-0000-0000-000000000020,{'subject': '/home/admin/Downloads/firefox/firefox'},281742
33142C1F-0000-0000-0000-000000000020,{'subject': '/usr/bin/python2.7'},281749
06187E2A-0000-0000-0000-000000000020,{'subject': '/usr/bin/fluxbox'},282484
7F1FD92F-0000-0000-0000-000000000020,{'subject': '/usr/bin/fluxbox'},284406
5B14301F-0000-0000-0000-000000000020,{'subject': '/home/admin/Downloads/firefox/firefox'},281789
5E14301F-0000-0000-0000-000000000020,{'subject': '/home/admin/Downloads/firefox/firefox'},281792
6A14301F-0000-0000-0000-000000000020,{'subject': '/home/admin/Downloads/firefox/firefox'},281804
6F14301F-0000-0000-0000-000000000020,{'subject': '/home/admin/Downloads/firefox/firefox'},281809
7014321F-0000-0000-0000-000000000020,{'subject': '/home/admin/Downloads/firefox/firefox'},281810
7F143B1F-0000-0000-0000-000000000020,{'subject': '/usr/lib/thunderbird/thunderbird'},281825
9D143C1F-0000-0000-0000-000000000020,{'subject': '/usr/lib/thunderbird/thunderbird'},281855
D814551F-0000-0000-0000-000000000020,{'subject': '/home/admin/Downloads/firefox/firefox,/home/admin/Downloads/firefox/firefox ht'},281914
DB14551F-0000-0000-0000-000000000020,{'subject': '/home/admin/Downloads/firefox/firefox,/home/admin/Downloads/firefox/firefox ht'},281917
E514561F-0000-0000-0000-000000000020,{'subject': '/home/admin/Downloads/firefox/firefox,/home/admin/Downloads/firefox/firefox ht'},281927
E614561F-0000-0000-0000-000000000020,{'subject': '/home/admin/Downloads/firefox/firefox,/home/admin/Downloads/firefox/firefox ht'},281928
E7145B1F-0000-0000-0000-000000000020,{'subject': '/home/admin/Downloads/firefox/firefox,/home/admin/Downloads/firefox/firefox ht'},281929
E8145B1F-0000-0000-0000-000000000020,{'subject': '/home/admin/Downloads/firefox/firefox,/home/admin/Downloads/firefox/firefox ht'},281930
EB14701F-0000-0000-0000-000000000020,{'subject': '/usr/bin/python2.7'},281933
F114B41F-0000-0000-0000-000000000020,{'subject': '/usr/bin/python2.7'},281939
1E15CE1F-0000-0000-0000-000000000020,{'subject': '/home/admin/Downloads/firefox/firefox'},281984
2115CE1F-0000-0000-0000-000000000020,{'subject': '/home/admin/Downloads/firefox/firefox'},281987
2715CE1F-0000-0000-0000-000000000020,{'subject': '/home/admin/Downloads/firefox/firefox'},281993
2C15CE1F-0000-0000-0000-000000000020,{'subject': '/home/admin/Downloads/firefox/firefox'},281998
2D15D01F-0000-0000-0000-000000000020,{'subject': '/home/admin/Downloads/firefox/firefox'},281999
2E15D31F-0000-0000-0000-000000000020,{'subject': '/home/admin/Downloads/firefox/firefox'},282000
3715F81F-0000-0000-0000-000000000020,{'subject': '/usr/bin/python2.7'},282009
3B153B20-0000-0000-0000-000000000020,{'subject': '/usr/bin/python2.7'},282013
3E157F20-0000-0000-0000-000000000020,{'subject': '/usr/bin/python2.7'},282016
4115C320-0000-0000-0000-000000000020,{'subject': '/usr/bin/python2.7'},282019
44150721-0000-0000-0000-000000000020,{'subject': '/usr/bin/python2.7'},282022
47154B21-0000-0000-0000-000000000020,{'subject': '/usr/bin/python2.7'},282025
4A158F21-0000-0000-0000-000000000020,{'subject': '/usr/bin/python2.7'},282028
4D15D321-0000-0000-0000-000000000020,{'subject': '/usr/bin/python2.7'},282031
51151722-0000-0000-0000-000000000020,{'subject': '/usr/bin/python2.7'},282035
55155B22-0000-0000-0000-000000000020,{'subject': '/usr/bin/python2.7'},282039
58159E22-0000-0000-0000-000000000020,{'subject': '/usr/bin/python2.7'},282042
5B15E122-0000-0000-0000-000000000020,{'subject': '/usr/bin/python2.7'},282045
5E152523-0000-0000-0000-000000000020,{'subject': '/usr/bin/python2.7'},282048
61156923-0000-0000-0000-000000000020,{'subject': '/usr/bin/python2.7'},282051
6415AC23-0000-0000-0000-000000000020,{'subject': '/usr/bin/python2.7'},282054
6715F023-0000-0000-0000-000000000020,{'subject': '/usr/bin/python2.7'},282057
6B153424-0000-0000-0000-000000000020,{'subject': '/usr/bin/python2.7'},282061
6F157824-0000-0000-0000-000000000020,{'subject': '/usr/bin/python2.7'},282065
7215BC24-0000-0000-0000-000000000020,{'subject': '/usr/bin/python2.7'},282068
7515FF24-0000-0000-0000-000000000020,{'subject': '/usr/bin/python2.7'},282071
78154225-0000-0000-0000-000000000020,{'subject': '/usr/bin/python2.7'},282074
7B158625-0000-0000-0000-000000000020,{'subject': '/usr/bin/python2.7'},282077
7E15CA25-0000-0000-0000-000000000020,{'subject': '/usr/bin/python2.7'},282080
A815FA25-0000-0000-0000-000000000020,{'subject': '/home/admin/Downloads/firefox/firefox'},282122
AB15FA25-0000-0000-0000-000000000020,{'subject': '/home/admin/Downloads/firefox/firefox'},282125
B715FA25-0000-0000-0000-000000000020,{'subject': '/home/admin/Downloads/firefox/firefox'},282137
C515FA25-0000-0000-0000-000000000020,{'subject': '/home/admin/Downloads/firefox/firefox'},282151
C615FF25-0000-0000-0000-000000000020,{'subject': '/home/admin/Downloads/firefox/firefox'},282152
C7150026-0000-0000-0000-000000000020,{'subject': '/home/admin/Downloads/firefox/firefox'},282153
C8150E26-0000-0000-0000-000000000020,{'subject': '/usr/bin/python2.7'},282154
1D161B27-0000-0000-0000-000000000020,{'subject': '/usr/bin/python2.7'},282239
23165F27-0000-0000-0000-000000000020,{'subject': '/usr/bin/python2.7'},282245
2716A227-0000-0000-0000-000000000020,{'subject': '/usr/bin/python2.7'},282249
2A16E527-0000-0000-0000-000000000020,{'subject': '/usr/bin/python2.7'},282252
2E162828-0000-0000-0000-000000000020,{'subject': '/usr/bin/python2.7'},282256
EC155226-0000-0000-0000-000000000020,{'subject': '/usr/bin/python2.7'},282190
F8159526-0000-0000-0000-000000000020,{'subject': '/usr/bin/python2.7'},282202
FC15D826-0000-0000-0000-000000000020,{'subject': '/usr/bin/python2.7'},282206
1816ED26-0000-0000-0000-000000000020,{'subject': '/home/admin/Downloads/firefox/firefox'},282234
1916ED26-0000-0000-0000-000000000020,{'subject': '/home/admin/Downloads/firefox/firefox'},282235
5D163F28-0000-0000-0000-000000000020,{'subject': '/home/admin/Downloads/firefox/firefox'},282303
60163F28-0000-0000-0000-000000000020,{'subject': '/home/admin/Downloads/firefox/firefox'},282306
6D163F28-0000-0000-0000-000000000020,{'subject': '/home/admin/Downloads/firefox/firefox'},282319
72164028-0000-0000-0000-000000000020,{'subject': '/home/admin/Downloads/firefox/firefox'},282324
73164228-0000-0000-0000-000000000020,{'subject': '/home/admin/Downloads/firefox/firefox'},282325
74164428-0000-0000-0000-000000000020,{'subject': '/home/admin/Downloads/firefox/firefox'},282326
7C166B28-0000-0000-0000-000000000020,{'subject': '/usr/bin/python2.7'},282334
8616AE28-0000-0000-0000-000000000020,{'subject': '/usr/bin/python2.7'},282344
8916F128-0000-0000-0000-000000000020,{'subject': '/usr/bin/python2.7'},282347
B3161D29-0000-0000-0000-000000000020,{'subject': '/home/admin/Downloads/firefox/firefox'},282389
B6161D29-0000-0000-0000-000000000020,{'subject': '/home/admin/Downloads/firefox/firefox'},282392
C2161D29-0000-0000-0000-000000000020,{'subject': '/home/admin/Downloads/firefox/firefox'},282404
C4161D29-0000-0000-0000-000000000020,{'subject': '/home/admin/Downloads/firefox/firefox'},282406
CB161F29-0000-0000-0000-000000000020,{'subject': '/home/admin/Downloads/firefox/firefox'},282413
CC162229-0000-0000-0000-000000000020,{'subject': '/home/admin/Downloads/firefox/firefox'},282414
CD162929-0000-0000-0000-000000000020,{'subject': '/home/admin/Downloads/firefox/firefox'},282415
EA163429-0000-0000-0000-000000000020,{'subject': '/usr/bin/python2.7'},282444
F7163529-0000-0000-0000-000000000020,{'subject': '/home/admin/Downloads/firefox/firefox'},282457
FA163529-0000-0000-0000-000000000020,{'subject': '/home/admin/Downloads/firefox/firefox'},282460
06173529-0000-0000-0000-000000000020,{'subject': '/home/admin/Downloads/firefox/firefox'},282472
0C173529-0000-0000-0000-000000000020,{'subject': '/home/admin/Downloads/firefox/firefox'},282478
0D173729-0000-0000-0000-000000000020,{'subject': '/home/admin/Downloads/firefox/firefox'},282479
0E173A29-0000-0000-0000-000000000020,{'subject': '/home/admin/Downloads/firefox/firefox'},282480
06187E2A-0000-0000-0000-000000000020,{'subject': '/usr/bin/fluxbox'},282484
2D187F2A-0000-0000-0000-000000000020,{'subject': '/home/admin/Downloads/firefox/firefox'},282523
30187F2A-0000-0000-0000-000000000020,{'subject': '/home/admin/Downloads/firefox/firefox'},282526
3C187F2A-0000-0000-0000-000000000020,{'subject': '/home/admin/Downloads/firefox/firefox'},282538
3E18802A-0000-0000-0000-000000000020,{'subject': '/home/admin/Downloads/firefox/firefox'},282540
4418822A-0000-0000-0000-000000000020,{'subject': '/home/admin/Downloads/firefox/firefox'},282547
4518832A-0000-0000-0000-000000000020,{'subject': '/usr/bin/python2.7'},282548
4618842A-0000-0000-0000-000000000020,{'subject': '/home/admin/Downloads/firefox/firefox'},282549
48188D2A-0000-0000-0000-000000000020,{'subject': '/home/admin/Downloads/firefox/firefox'},282551
4E18B22A-0000-0000-0000-000000000020,{'subject': '/home/admin/Downloads/firefox/firefox'},282560
5118C62A-0000-0000-0000-000000000020,{'subject': '/usr/bin/python2.7'},282563
5318F12A-0000-0000-0000-000000000020,{'subject': '/home/admin/Downloads/firefox/firefox'},282565
5418F32A-0000-0000-0000-000000000020,{'subject': '/home/admin/Downloads/firefox/firefox'},282566
5518F72A-0000-0000-0000-000000000020,{'subject': '/home/admin/Downloads/firefox/firefox'},282567
5618FB2A-0000-0000-0000-000000000020,{'subject': '/home/admin/Downloads/firefox/firefox'},282568
5818FF2A-0000-0000-0000-000000000020,{'subject': '/home/admin/Downloads/firefox/firefox'},282570
5A18092B-0000-0000-0000-000000000020,{'subject': '/usr/bin/python2.7'},282573
5E184C2B-0000-0000-0000-000000000020,{'subject': '/usr/bin/python2.7'},282577
5F185D2B-0000-0000-0000-000000000020,{'subject': '/usr/lib/ubuntu-geoip/ubuntu-geoip-provider'},282579
63188F2B-0000-0000-0000-000000000020,{'subject': '/usr/bin/python2.7'},282583
64189C2B-0000-0000-0000-000000000020,{'subject': '/home/admin/Downloads/firefox/firefox'},282584
65189F2B-0000-0000-0000-000000000020,{'subject': '/home/admin/Downloads/firefox/firefox'},282585
6618A32B-0000-0000-0000-000000000020,{'subject': '/home/admin/Downloads/firefox/firefox'},282587
6718A92B-0000-0000-0000-000000000020,{'subject': '/home/admin/Downloads/firefox/firefox'},282588
6B18B82B-0000-0000-0000-000000000020,{'subject': '/home/admin/Downloads/firefox/firefox'},282593
6E18D22B-0000-0000-0000-000000000020,{'subject': '/usr/bin/python2.7'},282596
7218152C-0000-0000-0000-000000000020,{'subject': '/usr/bin/python2.7'},282600
7518582C-0000-0000-0000-000000000020,{'subject': '/usr/bin/python2.7'},282603
7A189B2C-0000-0000-0000-000000000020,{'subject': '/usr/bin/python2.7'},282608
8618DE2C-0000-0000-0000-000000000020,{'subject': '/usr/bin/python2.7'},282620
8F18212D-0000-0000-0000-000000000020,{'subject': '/usr/bin/python2.7'},282629
9B183B2D-0000-0000-0000-000000000020,{'subject': '/usr/lib/thunderbird/thunderbird'},282641
B9183C2D-0000-0000-0000-000000000020,{'subject': '/usr/lib/thunderbird/thunderbird'},282671
CA18642D-0000-0000-0000-000000000020,{'subject': '/usr/bin/python2.7'},282688
D418A72D-0000-0000-0000-000000000020,{'subject': '/usr/bin/python2.7'},282699
D918EA2D-0000-0000-0000-000000000020,{'subject': '/usr/bin/python2.7'},282704
DF182D2E-0000-0000-0000-000000000020,{'subject': '/usr/bin/python2.7'},282710
E018432E-0000-0000-0000-000000000020,{'subject': '/usr/sbin/sshd'},282711
B2195D2E-0000-0000-0000-000000000020,{'subject': '/usr/sbin/sshd'},282921
831A632E-0000-0000-0000-000000000020,{'subject': '/usr/sbin/sshd'},283130
501B702E-0000-0000-0000-000000000020,{'subject': '/usr/bin/python2.7'},283335
551B842E-0000-0000-0000-000000000020,{'subject': '/usr/sbin/sshd'},283340
261CB32E-0000-0000-0000-000000000020,{'subject': '/usr/bin/python2.7'},283549
281CC52E-0000-0000-0000-000000000020,{'subject': '/usr/sbin/sshd'},283551
C51DCB2E-0000-0000-0000-000000000020,{'subject': 'bin/bash'},283964
CC1DD52E-0000-0000-0000-000000000020,{'subject': '/usr/sbin/sshd'},283971
9C1EF62E-0000-0000-0000-000000000020,{'subject': '/usr/bin/python2.7'},284179
9E1E072F-0000-0000-0000-000000000020,{'subject': '/usr/sbin/sshd'},284181
731F392F-0000-0000-0000-000000000020,{'subject': '/usr/bin/python2.7'},284394
761F7C2F-0000-0000-0000-000000000020,{'subject': '/usr/bin/python2.7'},284397
791FBF2F-0000-0000-0000-000000000020,{'subject': '/usr/bin/python2.7'},284400
7F1FD92F-0000-0000-0000-000000000020,{'subject': '/usr/bin/fluxbox'},284406
A61FDA2F-0000-0000-0000-000000000020,{'subject': '/home/admin/Downloads/firefox/firefox'},284445
A91FDA2F-0000-0000-0000-000000000020,{'subject': '/home/admin/Downloads/firefox/firefox'},284448
B51FDA2F-0000-0000-0000-000000000020,{'subject': '/home/admin/Downloads/firefox/firefox'},284460
BA1FDB2F-0000-0000-0000-000000000020,{'subject': '/home/admin/Downloads/firefox/firefox'},284465
BB1FDD2F-0000-0000-0000-000000000020,{'subject': '/home/admin/Downloads/firefox/firefox'},284466
BD1FDF2F-0000-0000-0000-000000000020,{'subject': '/home/admin/Downloads/firefox/firefox'},284468
BF1FE82F-0000-0000-0000-000000000020,{'subject': '/home/admin/Downloads/firefox/firefox'},284470
C11F0230-0000-0000-0000-000000000020,{'subject': '/usr/bin/python2.7'},284472
C21F0F30-0000-0000-0000-000000000020,{'subject': '/home/admin/Downloads/firefox/firefox'},284473
1D20CB30-0000-0000-0000-000000000020,{'subject': '/usr/bin/python2.7'},284564
52204131-0000-0000-0000-000000000020,{'subject': '/home/admin/Downloads/firefox/firefox'},284617
55204131-0000-0000-0000-000000000020,{'subject': '/home/admin/Downloads/firefox/firefox'},284620
EA1F2130-0000-0000-0000-000000000020,{'subject': '/home/admin/Downloads/firefox/firefox'},284513
EB1F2430-0000-0000-0000-000000000020,{'subject': '/home/admin/Downloads/firefox/firefox'},284514
EE1F3230-0000-0000-0000-000000000020,{'subject': '/home/admin/Downloads/firefox/firefox'},284517
EF1F3230-0000-0000-0000-000000000020,{'subject': '/home/admin/Downloads/firefox/firefox'},284518
F11F4530-0000-0000-0000-000000000020,{'subject': '/usr/bin/python2.7'},284520
F61F8830-0000-0000-0000-000000000020,{'subject': '/usr/bin/python2.7'},284525
F71F9730-0000-0000-0000-000000000020,{'subject': '/home/admin/Downloads/firefox/firefox'},284526
FA1F9E30-0000-0000-0000-000000000020,{'subject': '/home/admin/Downloads/firefox/firefox'},284529
62204131-0000-0000-0000-000000000020,{'subject': '/home/admin/Downloads/firefox/firefox'},284633
67204131-0000-0000-0000-000000000020,{'subject': '/home/admin/Downloads/firefox/firefox'},284638
68204131-0000-0000-0000-000000000020,{'subject': '/home/admin/Downloads/firefox/firefox'},284639
6A204631-0000-0000-0000-000000000020,{'subject': '/home/admin/Downloads/firefox/firefox'},284641
6B204631-0000-0000-0000-000000000020,{'subject': '/home/admin/Downloads/firefox/firefox'},284642
6C205131-0000-0000-0000-000000000020,{'subject': '/usr/bin/python2.7'},284643
1920A530-0000-0000-0000-000000000020,{'subject': '/home/admin/Downloads/firefox/firefox'},284560
26200C31-0000-0000-0000-000000000020,{'subject': '/home/admin/profile (deleted)'},284573
27200E31-0000-0000-0000-000000000020,{'subject': '/usr/bin/python2.7'},284574