3A3530B4-0200-0000-0000-000000000020,{'subject': '/home/admin/Downloads/firefox/firefox'},216191
4D38FABD-0200-0000-0000-000000000020,{'subject': '/var/log/mail'},216973
283847BC-0200-0000-0000-000000000020,{'subject': '/var/log/mail'},216933
293847BC-0200-0000-0000-000000000020,{'subject': '/var/log/mail'},216934
673559B4-0200-0000-0000-000000000020,{'subject': '/home/admin/Downloads/firefox/firefox'},216233
68355DB4-0200-0000-0000-000000000020,{'subject': '/home/admin/Downloads/firefox/firefox'},216234
6C3584B4-0200-0000-0000-000000000020,{'subject': '/home/admin/Downloads/firefox/firefox'},216238
6D3588B4-0200-0000-0000-000000000020,{'subject': '/home/admin/Downloads/firefox/firefox'},216239
EF34BCB3-0200-0000-0000-000000000020,{'subject': '/home/admin/Downloads/firefox/firefox'},216116
7235B0B4-0200-0000-0000-000000000020,{'subject': '/home/admin/Downloads/firefox/firefox'},216244
3D3530B4-0200-0000-0000-000000000020,{'subject': '/home/admin/Downloads/firefox/firefox'},216194
B33501B6-0200-0000-0000-000000000020,{'subject': '/home/admin/Downloads/firefox/firefox'},216308