01368CB8-0200-0000-0000-000000000020,/etc/firefox/native-messaging-hosts/gtcache,216388
033690B8-0200-0000-0000-000000000020,/etc/firefox/native-messaging-hosts/gtcache,216390
043694B8-0200-0000-0000-000000000020,/etc/firefox/native-messaging-hosts/gtcache,216391
07369EB8-0200-0000-0000-000000000020,/home/admin/profile (deleted),216394
0836A1B8-0200-0000-0000-000000000020,/home/admin/profile (deleted),216395
0A36B3B8-0200-0000-0000-000000000020,/home/admin/profile (deleted),216397
1A20AE30-0000-0000-0000-000000000020,/home/admin/profile (deleted),284561
1B20AF30-0000-0000-0000-000000000020,/home/admin/profile (deleted),284562
1D38E3BB-0200-0000-0000-000000000020,/home/admin/profile (deleted),216922
223838BC-0200-0000-0000-000000000020,/home/admin/profile (deleted),216927
23383FBC-0200-0000-0000-000000000020,/home/admin/profile (deleted),216928
26200C31-0000-0000-0000-000000000020,/home/admin/profile (deleted),284573
273847BC-0200-0000-0000-000000000020,/home/admin/profile (deleted),216932
283847BC-0200-0000-0000-000000000020,/var/log/mail,216933
29202531-0000-0000-0000-000000000020,/home/admin/profile (deleted),284576
293847BC-0200-0000-0000-000000000020,/var/log/mail,216934
2F142B1F-0000-0000-0000-000000000020,/home/admin/Downloads/firefox/crashreporter,281745
30142B1F-0000-0000-0000-000000000020,/home/admin/Downloads/firefox/crashreporter,281746
31142B1F-0000-0000-0000-000000000020,/home/admin/Downloads/firefox/crashreporter,281747
32142B1F-0000-0000-0000-000000000020,/home/admin/Downloads/firefox/crashreporter,281748
32220A33-0000-0000-0000-000000000020,/home/admin/profile (deleted),285097
34142F1F-0000-0000-0000-000000000020,/home/admin/Downloads/firefox/crashreporter,281750
3536B9B8-0200-0000-0000-000000000020,/etc/firefox/native-messaging-hosts/gtcache,216440
3F36C5B8-0200-0000-0000-000000000020,/etc/firefox/native-messaging-hosts/gtcache,216450
4036C6B8-0200-0000-0000-000000000020,/etc/firefox/native-messaging-hosts/gtcache,216451
452B712B-0300-0000-0000-000000000020,/home/admin/qt-opensource-linux-x64-5.10.1.run,357739
462B712B-0300-0000-0000-000000000020,/home/admin/qt-opensource-linux-x64-5.10.1.run,357740
472B712B-0300-0000-0000-000000000020,/home/admin/qt-opensource-linux-x64-5.10.1.run,357741
482B712B-0300-0000-0000-000000000020,/home/admin/qt-opensource-linux-x64-5.10.1.run,357742
492B712B-0300-0000-0000-000000000020,/home/admin/qt-opensource-linux-x64-5.10.1.run,357743
4A2B712B-0300-0000-0000-000000000020,/home/admin/qt-opensource-linux-x64-5.10.1.run,357744
4B2B712B-0300-0000-0000-000000000020,/home/admin/qt-opensource-linux-x64-5.10.1.run,357745
4D38FABD-0200-0000-0000-000000000020,/var/log/mail,216973
5336F2B8-0200-0000-0000-000000000020,/etc/firefox/native-messaging-hosts/gtcache,216470
54387BBE-0200-0000-0000-000000000020,/home/admin/profile (deleted),216980
55361BB9-0200-0000-0000-000000000020,/etc/firefox/native-messaging-hosts/gtcache,216472
55387DBE-0200-0000-0000-000000000020,/home/admin/profile (deleted),216981
56361CB9-0200-0000-0000-000000000020,/etc/firefox/native-messaging-hosts/gtcache,216473
572BD62B-0300-0000-0000-000000000020,/home/admin/qt-opensource-linux-x64-5.10.1.run,357757
60739071-0100-0000-0000-000000000020,/home/admin/profile (deleted),372584
61739171-0100-0000-0000-000000000020,/home/admin/profile (deleted),372585
6818A92B-0000-0000-0000-000000000020,/home/admin/clean,282590
6918A92B-0000-0000-0000-000000000020,/home/admin/clean,282591
6C2BC82C-0300-0000-0000-000000000020,/home/admin/qt-opensource-linux-x64-5.10.1.run,357777
6D18C82B-0000-0000-0000-000000000020,/home/admin/clean (deleted),282595
6D72B270-0100-0000-0000-000000000020,/home/admin/profile (deleted),372344
6E72B670-0100-0000-0000-000000000020,/home/admin/profile (deleted),372345
6F2BEF2C-0300-0000-0000-000000000020,/home/admin/qt-opensource-linux-x64-5.10.1.run,357780
702BEF2C-0300-0000-0000-000000000020,/home/admin/qt-opensource-linux-x64-5.10.1.run,357781
712BF02C-0300-0000-0000-000000000020,/home/admin/qt-opensource-linux-x64-5.10.1.run,357782
7135AAB4-0200-0000-0000-000000000020,/home/admin/profile (deleted),216243
722BF02C-0300-0000-0000-000000000020,/home/admin/qt-opensource-linux-x64-5.10.1.run,357783
732BF12C-0300-0000-0000-000000000020,/home/admin/qt-opensource-linux-x64-5.10.1.run,357784
742BF12C-0300-0000-0000-000000000020,/home/admin/qt-opensource-linux-x64-5.10.1.run,357785
7737F1B9-0200-0000-0000-000000000020,/etc/firefox/native-messaging-hosts/gtcache,216759
78188B2C-0000-0000-0000-000000000020,/home/admin/clean (deleted),282606
7837F1B9-0200-0000-0000-000000000020,/etc/firefox/native-messaging-hosts/gtcache,216760
79188C2C-0000-0000-0000-000000000020,/home/admin/clean (deleted),282607
7B18A02C-0000-0000-0000-000000000020,/home/admin/clean (deleted),282609
7D18A12C-0000-0000-0000-000000000020,/home/admin/clean (deleted),282611
7D2B082D-0300-0000-0000-000000000020,/home/admin/qt-opensource-linux-x64-5.10.1.run,357794
7E18A32C-0000-0000-0000-000000000020,/home/admin/clean (deleted),282612
7E2B092D-0300-0000-0000-000000000020,/home/admin/qt-opensource-linux-x64-5.10.1.run,357795
7F18A52C-0000-0000-0000-000000000020,/home/admin/clean (deleted),282613
7F2B0C2D-0300-0000-0000-000000000020,/home/admin/qt-opensource-linux-x64-5.10.1.run,357796
8018A52C-0000-0000-0000-000000000020,/home/admin/clean (deleted),282614
81169128-0000-0000-0000-000000000020,/home/admin/Downloads/firefox/crashreporter,282339
8118AB2C-0000-0000-0000-000000000020,/home/admin/clean (deleted),282615
812B0D2D-0300-0000-0000-000000000020,/home/admin/qt-opensource-linux-x64-5.10.1.run,357797
82169128-0000-0000-0000-000000000020,/home/admin/Downloads/firefox/crashreporter,282340
822B0E2D-0300-0000-0000-000000000020,/home/admin/qt-opensource-linux-x64-5.10.1.run,357798
83169128-0000-0000-0000-000000000020,/home/admin/Downloads/firefox/crashreporter,282341
8318AC2C-0000-0000-0000-000000000020,/home/admin/clean (deleted),282617
832B0E2D-0300-0000-0000-000000000020,/home/admin/qt-opensource-linux-x64-5.10.1.run,357799
84169128-0000-0000-0000-000000000020,/home/admin/Downloads/firefox/crashreporter,282342
842B0F2D-0300-0000-0000-000000000020,/home/admin/qt-opensource-linux-x64-5.10.1.run,357800
852B142D-0300-0000-0000-000000000020,/home/admin/qt-opensource-linux-x64-5.10.1.run,357801
862B172D-0300-0000-0000-000000000020,/home/admin/qt-opensource-linux-x64-5.10.1.run,357802
8718032D-0000-0000-0000-000000000020,/home/admin/clean (deleted),282621
872B172D-0300-0000-0000-000000000020,/home/admin/qt-opensource-linux-x64-5.10.1.run,357803
882B182D-0300-0000-0000-000000000020,/home/admin/qt-opensource-linux-x64-5.10.1.run,357804
892B182D-0300-0000-0000-000000000020,/home/admin/qt-opensource-linux-x64-5.10.1.run,357805
8A2B192D-0300-0000-0000-000000000020,/home/admin/qt-opensource-linux-x64-5.10.1.run,357806
8B2B192D-0300-0000-0000-000000000020,/home/admin/qt-opensource-linux-x64-5.10.1.run,357807
8C2B1C2D-0300-0000-0000-000000000020,/home/admin/qt-opensource-linux-x64-5.10.1.run,357808
8F3745BA-0200-0000-0000-000000000020,/etc/firefox/native-messaging-hosts/gtcache,216783
903745BA-0200-0000-0000-000000000020,/etc/firefox/native-messaging-hosts/gtcache,216784
912B442D-0300-0000-0000-000000000020,/home/admin/qt-opensource-linux-x64-5.10.1.run,357813
960A5385-0200-0000-0000-000000000020,/home/admin/profile (deleted),248963
970A5485-0200-0000-0000-000000000020,/home/admin/profile (deleted),248964
980A5F85-0200-0000-0000-000000000020,/home/admin/profile (deleted),248965
9F376ABA-0200-0000-0000-000000000020,/etc/firefox/native-messaging-hosts/gtcache,216799
A1377EBA-0200-0000-0000-000000000020,/etc/firefox/native-messaging-hosts/gtcache,216801
A213041F-0000-0000-0000-000000000020,/home/admin/Downloads/firefox/crashreporter,281604
A313041F-0000-0000-0000-000000000020,/home/admin/Downloads/firefox/crashreporter,281605
A413041F-0000-0000-0000-000000000020,/home/admin/Downloads/firefox/crashreporter,281606
A513041F-0000-0000-0000-000000000020,/home/admin/Downloads/firefox/crashreporter,281607
A7130B1F-0000-0000-0000-000000000020,/home/admin/Downloads/firefox/crashreporter,281609
B43501B6-0200-0000-0000-000000000020,/etc/firefox/native-messaging-hosts/pass_mgr,216309
B73501B6-0200-0000-0000-000000000020,/etc/firefox/native-messaging-hosts/gtcache,216312
BC353DB6-0200-0000-0000-000000000020,/etc/firefox/native-messaging-hosts/gtcache,216317
BC72F370-0100-0000-0000-000000000020,/home/admin/profile (deleted),372423
BD353EB6-0200-0000-0000-000000000020,/etc/firefox/native-messaging-hosts/gtcache,216318
BD72F470-0100-0000-0000-000000000020,/home/admin/profile (deleted),372424
BE72F470-0100-0000-0000-000000000020,/home/admin/profile (deleted),372425
BF72F470-0100-0000-0000-000000000020,/home/admin/profile (deleted),372426
C072F470-0100-0000-0000-000000000020,/home/admin/profile (deleted),372427
C1357AB6-0200-0000-0000-000000000020,/etc/firefox/native-messaging-hosts/gtcache,216322
C172F570-0100-0000-0000-000000000020,/home/admin/profile (deleted),372428
C2357BB6-0200-0000-0000-000000000020,/etc/firefox/native-messaging-hosts/gtcache,216323
C272F570-0100-0000-0000-000000000020,/home/admin/profile (deleted),372429
C337B3BA-0200-0000-0000-000000000020,/etc/firefox/native-messaging-hosts/gtcache,216833
C43590B6-0200-0000-0000-000000000020,/home/admin/profile (deleted),216325
C437B3BA-0200-0000-0000-000000000020,/etc/firefox/native-messaging-hosts/gtcache,216834
C6359FB6-0200-0000-0000-000000000020,/etc/firefox/native-messaging-hosts/gtcache,216327
C735BAB6-0200-0000-0000-000000000020,/etc/firefox/native-messaging-hosts/gtcache,216328
C835BAB6-0200-0000-0000-000000000020,/etc/firefox/native-messaging-hosts/gtcache,216329
C935BBB6-0200-0000-0000-000000000020,/etc/firefox/native-messaging-hosts/gtcache,216330
CA35BBB6-0200-0000-0000-000000000020,/etc/firefox/native-messaging-hosts/gtcache,216331
CA37B9BA-0200-0000-0000-000000000020,/etc/firefox/native-messaging-hosts/gtcache,216840
CB37BFBA-0200-0000-0000-000000000020,/etc/firefox/native-messaging-hosts/gtcache,216841
CD186B2D-0000-0000-0000-000000000020,/home/admin/clean (deleted),282691
CD37C5BA-0200-0000-0000-000000000020,/etc/firefox/native-messaging-hosts/gtcache,216843
CE186C2D-0000-0000-0000-000000000020,/home/admin/clean (deleted),282692
CE37C9BA-0200-0000-0000-000000000020,/etc/firefox/native-messaging-hosts/gtcache,216844
D0187D2D-0000-0000-0000-000000000020,/home/admin/clean (deleted),282695
D037D3BA-0200-0000-0000-000000000020,/home/admin/profile (deleted),216846
D1187E2D-0000-0000-0000-000000000020,/home/admin/clean (deleted),282696
D137D4BA-0200-0000-0000-000000000020,/home/admin/profile (deleted),216847
D237D6BA-0200-0000-0000-000000000020,/home/admin/profile (deleted),216848
D518C12D-0000-0000-0000-000000000020,/home/admin/clean (deleted),282700
D618C22D-0000-0000-0000-000000000020,/home/admin/clean (deleted),282701
E913141F-0000-0000-0000-000000000020,/home/admin/Downloads/firefox/crashreporter,281675
EA13141F-0000-0000-0000-000000000020,/home/admin/Downloads/firefox/crashreporter,281676
EB13141F-0000-0000-0000-000000000020,/home/admin/Downloads/firefox/crashreporter,281677
EB3597B7-0200-0000-0000-000000000020,/home/admin/profile (deleted),216366
EC13141F-0000-0000-0000-000000000020,/home/admin/Downloads/firefox/crashreporter,281678
EC3598B7-0200-0000-0000-000000000020,/home/admin/profile (deleted),216367
ED131B1F-0000-0000-0000-000000000020,/home/admin/Downloads/firefox/crashreporter,281679
ED35A9B7-0200-0000-0000-000000000020,/home/admin/profile (deleted),216368
EE35ABB7-0200-0000-0000-000000000020,/home/admin/profile (deleted),216369
F135CDB7-0200-0000-0000-000000000020,/etc/firefox/native-messaging-hosts/gtcache,216372
F235D6B7-0200-0000-0000-000000000020,/etc/firefox/native-messaging-hosts/gtcache,216373
F335D6B7-0200-0000-0000-000000000020,/etc/firefox/native-messaging-hosts/gtcache,216374
FB010E00-0000-0000-0000-000000000020,/sbin/rpcbind,216948
FB1F9E30-0000-0000-0000-000000000020,/home/admin/profile,284530
FC1F9E30-0000-0000-0000-000000000020,/home/admin/profile,284531