116EF05D-3DC3-11E8-A5CA-3FA3753A265A,{'subject': 'sshd'},336504
1AD10217-3DC3-11E8-A5CB-3FA3753A265A,{'subject': 'inetd'},336569
11C64B2C-3DC3-11E8-A5CA-3FA3753A265A,{'subject': 'nginx'},337550
8453CD7A-3E7B-11E8-A5CB-3FA3753A265A,{'subject': 'sshd'},354941
FB3DB982-3E7B-11E8-A5CB-3FA3753A265A,{'subject': 'sshd'},355001
233F6B1C-3E7C-11E8-A5CB-3FA3753A265A,{'subject': 'sshd'},355022
42E4A848-3E7C-11E8-A5CB-3FA3753A265A,{'subject': 'tmux-1002'},355056
494D2E98-3E7C-11E8-A5CB-3FA3753A265A,{'subject': 'sshd'},355057
5DEE70FB-3E7D-11E8-A5CB-3FA3753A265A,{'subject': 'sshd'},355225
7B30E76D-3E7D-11E8-A5CB-3FA3753A265A,{'subject': 'minions'},355247
885AF819-3E7D-11E8-A5CB-3FA3753A265A,{'subject': 'sshd'},355248
BF8EF43F-3E7D-11E8-A5CB-3FA3753A265A,{'subject': 'sshd'},355276
C0E44281-3E7D-11E8-A5CB-3FA3753A265A,{'subject': 'sshd'},355277
219DE547-3E7E-11E8-A5CB-3FA3753A265A,{'subject': 'XIM'},355316
252867AB-3E7E-11E8-A5CB-3FA3753A265A,{'subject': 'sshd'},355318
48289024-3E7E-11E8-A5CB-3FA3753A265A,{'subject': 'XIM'},355357
15267234-3E7F-11E8-A5CB-3FA3753A265A,{'subject': 'sendmail'},355439
163A6925-3E7F-11E8-A5CB-3FA3753A265A,{'subject': 'sshd'},355440
17C8C6A6-3E7F-11E8-A5CB-3FA3753A265A,{'subject': 'sshd'},355444
1D3ACF79-3E7F-11E8-A5CB-3FA3753A265A,{'subject': 'sendmail'},355447
5CD609A7-3E7F-11E8-A5CB-3FA3753A265A,{'subject': 'main'},355470
640084A8-3E7F-11E8-A5CB-3FA3753A265A,{'subject': 'sshd'},355471
B287CC32-3E7F-11E8-A5CB-3FA3753A265A,{'subject': 'sshd'},355503
EDE92815-3E7F-11E8-A5CB-3FA3753A265A,{'subject': 'sshd'},355548
0001A528-3E80-11E8-A5CB-3FA3753A265A,{'subject': 'test'},355572
1D722A5C-3E80-11E8-A5CB-3FA3753A265A,{'subject': 'sshd'},355586
2C7D2F1C-3E80-11E8-A5CB-3FA3753A265A,{'subject': 'sh'},355613
2C8550E7-3E80-11E8-A5CB-3FA3753A265A,{'subject': 'pwait'},355618
47E61FFC-3E80-11E8-A5CB-3FA3753A265A,{'subject': 'test'},355657
47EB4608-3E80-11E8-A5CB-3FA3753A265A,{'subject': 'uname'},355658
AAB27EFF-3E80-11E8-A5CB-3FA3753A265A,{'subject': 'uname'},355687