2C908D94-3E80-11E8-A5CB-3FA3753A265A,{'subject': 'tr'},355630
800D270A-3F3A-11E8-A5CB-3FA3753A265A,{'subject': 'ipop3d'},374333
56DD17B4-3ECC-11E8-A5CB-3FA3753A265A,{'subject': 'mail.local'},363926
47E61FFC-3E80-11E8-A5CB-3FA3753A265A,{'subject': 'test'},355657
DCBB8D5C-3E7F-11E8-A5CB-3FA3753A265A,{'subject': 'test'},355535
33EF78A0-3F23-11E8-A5CB-3FA3753A265A,{'subject': 'tr'},371703
33FC5ADC-3F23-11E8-A5CB-3FA3753A265A,{'subject': 'tr'},371715
2C8E3122-3E80-11E8-A5CB-3FA3753A265A,{'subject': 'tr'},355627
19BFD60A-3DC8-11E8-A5CB-3FA3753A265A,{'subject': 'ifconfig'},336487
2C8550E7-3E80-11E8-A5CB-3FA3753A265A,{'subject': 'pwait'},355618
8D6C33F4-3E75-11E8-A5CB-3FA3753A265A,{'subject': 'ipop3d'},354126
AA70DBB3-3EC7-11E8-A5CB-3FA3753A265A,{'subject': 'diff'},363455
9B503B58-3F1C-11E8-A5CB-3FA3753A265A,{'subject': 'whoami'},370994
0001A528-3E80-11E8-A5CB-3FA3753A265A,{'subject': 'test'},355572
DD6625DA-3F1C-11E8-A5CB-3FA3753A265A,{'subject': 'procstat'},371019
33F9165C-3F23-11E8-A5CB-3FA3753A265A,{'subject': 'tr'},371712
219DE547-3E7E-11E8-A5CB-3FA3753A265A,{'subject': 'XIM'},355316
5CD609A7-3E7F-11E8-A5CB-3FA3753A265A,{'subject': 'main'},355470
33F3A3FF-3F23-11E8-A5CB-3FA3753A265A,{'subject': 'tr'},371706
8B13F2F0-3F47-11E8-A5CB-3FA3753A265A,{'subject': 'ipop3d'},376148
2C92F9B8-3E80-11E8-A5CB-3FA3753A265A,{'subject': 'tr'},355633
A7C14415-3F62-11E8-A5CB-3FA3753A265A,{'subject': 'kill'},379467
33F6055A-3F23-11E8-A5CB-3FA3753A265A,{'subject': 'tr'},371709
42E4A848-3E7C-11E8-A5CB-3FA3753A265A,{'subject': 'tmux-1002'},355056
C4F4FF22-3E7B-11E8-A5CB-3FA3753A265A,{'subject': 'tmux-1002'},354975
B9E12C94-3DBC-11E8-B8CE-15D78AC88FB6,{'subject': 'procstat'},336455
5DE4245E-3E7D-11E8-A5CB-3FA3753A265A,{'subject': 'ssh'},355224
60F2A01F-3ECC-11E8-A5CB-3FA3753A265A,{'subject': 'mail.local'},363939
7B30E76D-3E7D-11E8-A5CB-3FA3753A265A,{'subject': 'minions'},355247
3E533BA6-3F23-11E8-A5CB-3FA3753A265A,{'subject': 'getty'},371730
CE45E423-3E05-11E8-A5CB-3FA3753A265A,{'subject': 'mail.local'},343189
4FB0BFEA-3F1C-11E8-A5CB-3FA3753A265A,{'subject': 'pEja72mA'},370961
17C4C0C3-3E7D-11E8-A5CB-3FA3753A265A,{'subject': 'minions'},355176
2C8A8FE8-3E80-11E8-A5CB-3FA3753A265A,{'subject': 'tr'},355624
48289024-3E7E-11E8-A5CB-3FA3753A265A,{'subject': 'XIM'},355357
327621AE-3E80-11E8-A5CB-3FA3753A265A,{'subject': 'test'},355641
1AD8FABC-3DC3-11E8-A5CB-3FA3753A265A,{'subject': 'login'},371619
C5C302E3-3E7D-11E8-A5CB-3FA3753A265A,{'subject': 'kldstat'},355284
2C953A19-3E80-11E8-A5CB-3FA3753A265A,{'subject': 'tr'},355636