00000000-0000-0000-0000-00000105025E,{'subject': 'WebViewLoader-armeabi-v7a'},282291
00000000-0000-0000-0000-0000010513F2,{'subject': 'com.android.printspooler'},282296
00000000-0000-0000-0000-000001053526,{'subject': 'com.android.keychain'},282304
00000000-0000-0000-0000-000001055C36,{'subject': 'com.android.managedprovisioning'},282309
00000000-0000-0000-0000-00000105601E,{'subject': 'com.android.onetimeinitializer'},282310
00000000-0000-0000-0000-000001085FB2,{'subject': 'com.TA5.android.Blue'},282326
00000000-0000-0000-0000-00000108639A,{'subject': 'com.android.bluetooth'},282327
00000000-0000-0000-0000-000001087146,{'subject': 'com.TA5.android.Cap'},282328
00000000-0000-0000-0000-00000108B5A2,{'subject': 'com.metasploit.stage'},288343
00000000-0000-0000-0000-00000108B98A,{'subject': 'com.android.keychain'},288344
00000000-0000-0000-0000-00000108BB7E,{'subject': 'com.metasploit.stage'},288345
00000000-0000-0000-0000-00000108CB1E,{'subject': 'com.metasploit.stage'},288346
00000000-0000-0000-0000-00000108E09A,{'subject': 'com.metasploit.stage'},288347
00000000-0000-0000-0000-00000108F22E,{'subject': 'com.metasploit.stage'},288348
00000000-0000-0000-0000-000001090D86,{'subject': 'com.metasploit.stage'},288349
00000000-0000-0000-0000-0000010959B2,{'subject': 'com.metasploit.stage'},288350